id,time
bvy3fb,1560523565.5743265
c0jmv6,1560523565.574369
c0jgqf,1560523565.574398
c0hxti,1560523565.574423
c0gc1n,1560523565.574445
c0i525,1560523565.5744677
c0gmmn,1560523565.5744905
c0fi6y,1560523565.5745127
c0ep01,1560523565.5745356
c0jmqf,1560523565.574558
c0j8gh,1560523565.5745795
c0fi83,1560523565.5745995
c0iqa5,1560523565.5746207
c0ezih,1560523565.5746427
c0f68j,1560523565.5746644
bx0fhv,1560523567.443701
c0i82k,1560523567.4437401
c0j954,1560523567.443768
c0c6ok,1560523567.4437928
c0hlg3,1560523567.4438155
c0b4db,1560523567.443837
c08x2d,1560523567.443859
c0jqtl,1560523567.4438806
c0dvzr,1560523567.4439025
c08g1u,1560523567.4439242
c09npn,1560523567.4439454
c0ijj7,1560523567.4439654
c09rfr,1560523567.4439864
c0cdvy,1560523567.4440064
c0jrrr,1560523567.4440274
bg71oh,1560523569.2374856
bpql00,1560523569.237519
c0hcxo,1560523569.2375448
c0dngp,1560523569.237568
c0aynq,1560523569.23759
c0fna3,1560523569.2376115
c0hinj,1560523569.2376325
c0jy4v,1560523569.237654
c0iqps,1560523569.2376757
c0g0tb,1560523569.2376974
c0hte4,1560523569.2377179
c0i3pp,1560523569.237739
c0gsut,1560523569.2377605
c0a5ub,1560523569.2377813
c0f3x1,1560523569.2378018
c0jxdf,1560523571.3360074
c0k8t9,1560523571.3360472
c0infb,1560523571.3360734
c0inkq,1560523571.3360982
c0iozg,1560523571.3361213
c0hqlg,1560523571.336145
c0fl4j,1560523571.336166
c0ivlr,1560523571.3361876
c0ijn6,1560523571.3362105
c0ij6t,1560523571.3362324
c0it1q,1560523571.3362556
c0ivc4,1560523571.336277
c0i3fx,1560523571.3363054
c0hzm3,1560523571.3363252
c0j0e5,1560523571.3363435
bswnqv,1560523573.1320972
byes3p,1560523573.1321359
c0e4at,1560523573.1321626
c0ihqo,1560523573.1321876
c09xt8,1560523573.1322107
c0ghx2,1560523573.1322336
c0fouc,1560523573.1322565
c0ejnm,1560523573.1322794
c0k83z,1560523573.1323125
c0a9wa,1560523573.1323352
c0h3lg,1560523573.1323571
c0jrxd,1560523573.1323786
c0elmv,1560523573.1324005
c0fczf,1560523573.1324234
c04rpp,1560523573.1324446
c0i29k,1560523575.0044286
c0fsrx,1560523575.0044641
c0e8qg,1560523575.0044866
c0dln1,1560523575.0045085
c0g0rx,1560523575.0045295
c0eic9,1560523575.0045516
c0dy5e,1560523575.0045724
c0egds,1560523575.0045953
c0egqp,1560523575.0046165
c0izt5,1560523575.0046375
c0d7cs,1560523575.0046587
c0ei29,1560523575.0046802
c0dvd1,1560523575.0047019
c0gijy,1560523575.004724
c0f858,1560523575.0047462
c0jcpw,1560523576.8303914
byynix,1560523576.8304255
c0j05v,1560523576.8304489
c0em2z,1560523576.8304708
c0dbzq,1560523576.830493
c0gijr,1560523576.8305142
c0hat1,1560523576.8305347
c0jero,1560523576.8305554
c0imvf,1560523576.8305757
c0k1v9,1560523576.8305962
c0jd8b,1560523576.830617
c0iut3,1560523576.8306372
c0jvml,1560523576.8306582
c0dl3n,1560523576.8306785
c08tjn,1560523576.830699
c0ejou,1560523578.5872984
c0jm4j,1560523578.5873404
c07vnt,1560523578.5873725
c0c17k,1560523578.5874
c04csw,1560523578.5874252
c0k4pz,1560523578.5874493
c0airh,1560523578.5899675
c0c66q,1560523578.5900447
c0fnx8,1560523578.5900812
c0ffar,1560523578.5901072
c0dsy1,1560523578.5901318
c0c3h3,1560523578.590157
c0jenc,1560523578.590182
c0giak,1560523578.5902073
c0iiof,1560523578.5902312
avxog7,1560523580.3606515
c0jzlk,1560523580.3606904
c0fm1d,1560523580.3607163
c0di9l,1560523580.3607395
c0a7ay,1560523580.3607616
c0acay,1560523580.3607821
c0fskw,1560523580.3608036
c0dmnh,1560523580.3608255
c0hpxx,1560523580.3608456
c0a284,1560523580.3608654
c0h824,1560523580.3608859
c0ie8i,1560523580.3609054
c047xj,1560523580.3609238
c0jak6,1560523580.3609428
c04us5,1560523580.3609614
c0gs1m,1560523582.1620204
c0irxe,1560523582.1620545
c0j7mb,1560523582.162077
c0bwwz,1560523582.1620965
c0boyh,1560523582.162115
c0gzz0,1560523582.1621332
c09d3w,1560523582.1621509
c0il1w,1560523582.162169
c0icx8,1560523582.1621866
c0ihw9,1560523582.1622045
c0jdky,1560523582.1622224
c0hulp,1560523582.1622405
c0fv8j,1560523582.162258
c0jy9n,1560523582.1622753
c04x3t,1560523582.162294
c0i3cu,1560523584.0699182
c0ivtx,1560523584.0699534
c0ayeb,1560523584.0699801
c0c34i,1560523584.070003
c0d9qi,1560523584.0700247
c0hujm,1560523584.0700464
c0da9o,1560523584.070068
c0fp12,1560523584.0700905
c04h1b,1560523584.0701127
c0cith,1560523584.0701356
c0f7r3,1560523584.070157
c0j6p7,1560523584.0701778
c0jynr,1560523584.070198
c0gaf4,1560523584.0702198
c04rqb,1560523584.0702412
9go62b,1560523585.9228652
c0ivbw,1560523585.9228988
c0bjz9,1560523585.922924
c0hj8h,1560523585.9229474
c06ouw,1560523585.9229705
c0inh0,1560523585.9229927
c0kczs,1560523585.9230142
c0igp6,1560523585.9230366
c0jx83,1560523585.9230573
c0a5zo,1560523585.9230778
c0id8g,1560523585.9230974
c0evtw,1560523585.9231172
c0k8gv,1560523585.9231384
c0i74j,1560523585.9231586
c0bndf,1560523585.9231784
c0fz61,1560523587.7496998
c0irl6,1560523587.7497356
c0bsy0,1560523587.7497547
c0jh29,1560523587.7497725
c0bddc,1560523587.7497892
c0ix1w,1560523587.7498055
c0cl7l,1560523587.7498214
c07x57,1560523587.7498374
c0cysg,1560523587.7498536
c0k5gp,1560523587.7498696
c098sc,1560523587.7498858
c0gxdk,1560523587.749901
c0k7ll,1560523587.7499173
c0jh3q,1560523587.7499335
c0c1pf,1560523587.7499516
c0etee,1560523589.4378738
c04q48,1560523589.437912
c0iwz7,1560523589.4379382
c0hmqz,1560523589.4379625
bzxily,1560523589.4379838
c0jb1k,1560523589.438004
c0j98q,1560523589.4380233
c0ku9b,1560523589.4380453
c0j66g,1560523589.438066
c0kk27,1560523589.4380867
by9sbo,1560523591.2106194
c0e90c,1560523591.2106555
c05nvf,1560523591.2106824
c0c1v5,1560523591.2107065
c0d8gd,1560523591.21073
c0620m,1560523591.2107515
c0knb3,1560523591.210773
c0553d,1560523591.210794
c0daae,1560523593.0623682
c0i7yk,1560523593.0624065
c07lko,1560523593.0624328
c069d8,1560523593.0624573
c09vfp,1560523593.0624807
c0dwnt,1560523593.0625026
c0k3cq,1560523593.0625231
c0jqjw,1560523593.0625432
c0h8np,1560523593.0625634
c08vci,1560523593.0625837
c0jk66,1560523593.0626042
c0fphz,1560523594.732962
c0je9l,1560523594.7329993
c0bxs0,1560523594.7330256
c0ac1l,1560523594.7330492
c0ixhi,1560523594.733071
c0hqip,1560523594.7330925
c09gvt,1560523594.7331133
c0dzoy,1560523594.733133
c0hxvt,1560523594.7331533
c0g1j7,1560523594.7331743
c0jtnd,1560523594.7331955
c05893,1560523594.7332165
aeq6tl,1560523596.4617085
c0dff6,1560523596.4617455
c0afqw,1560523596.4617732
c06okv,1560523596.4617984
c0a725,1560523596.4618232
c0j6nx,1560523598.151927
bywlpk,1560523598.1519678
c0dzf5,1560523598.1519918
c0ewn2,1560523598.1520145
c09a8c,1560523598.1520364
c07nth,1560523598.1520562
c0jid4,1560523598.1520762
c0ix5o,1560523598.1520967
bxweo1,1560523599.944834
c0fq2j,1560523599.9448721
c0dhf3,1560523599.9448972
c0j41m,1560523599.9449198
c0hr6a,1560523599.944942
c05b0c,1560523599.944963
c0aqjo,1560523599.9449847
c031nx,1560523599.9450064
3dasau,1560523601.62734
bvc0cz,1560523601.627379
c0igvj,1560523601.6274068
c0d864,1560523601.6274314
bzn036,1560523604.29638
c0g69n,1560523604.2964196
c0hyfm,1560523604.296447
c0912a,1560523604.2964704
c09zcy,1560523604.296493
c0k34p,1560523604.2965147
c0d1jj,1560523604.2965367
c0jlco,1560523604.296558
c0jd64,1560523605.9510787
c0crlb,1560523605.9511151
c0jchf,1560523605.9511387
c0axuh,1560523605.9511616
c0a8fh,1560523605.951183
c0eogw,1560523605.9512038
c0jqwd,1560523605.951225
c0hgay,1560523605.9512465
c0h23q,1560523607.7292712
c0dgnm,1560523607.7293115
c0js4o,1560523607.7293384
c0es7p,1560523607.7293642
c04uxb,1560523607.729388
c0hxzd,1560523607.729411
c0grbo,1560523607.7294335
c0eke0,1560523607.729455
c0k7y8,1560523607.729477
c0elfy,1560523607.729499
bxm89o,1560523609.433642
c0dwhg,1560523609.4336805
c0emkf,1560523609.4337065
c0iw9a,1560523609.433729
c0ewv8,1560523609.4337509
c0jo81,1560523611.3027225
c0fsnw,1560523611.3027632
c0ap1z,1560523611.3027904
ausd2h,1560523612.942724
bz5dyd,1560523612.942762
bxwg62,1560523614.5738964
c07rga,1560523614.5739338
c0givs,1560523614.5739589
bvdlb8,1560523616.1621776
c0ez92,1560523616.1622152
c098gg,1560523617.7652247
c0dijx,1560523617.7652564
au7d15,1560523620.2317483
c0hieh,1560523620.2317865
bvhk1l,1560523621.95409
c0hxqu,1560523621.9541276
c0juw9,1560523621.9541547
c06eza,1560523621.9541788
byl7oo,1560523623.6503966
c08wtt,1560523623.6504302
c0jhf0,1560523623.6504571
b1hct4,1560523625.314507
bpdx5u,1560523625.3145432
8nmhix,1560523626.9142065
c0i0mu,1560523626.9142447
byltie,1560523628.4522321
c0fdko,1560523630.072472
c088e8,1560523630.0725114
c0fkpc,1560523630.072539
c0ed6i,1560523630.0725653
c0fr2h,1560523630.0725904
c00bir,1560523630.0726151
c0g3it,1560523630.0726385
c0jgrg,1560523631.9279926
c07lii,1560523898.081007
c0knqv,1560523919.2959044
c0kquv,1560523981.0453384
c0fwax,1560524000.9892464
c0hrwv,1560524141.7644491
c0kvx0,1560524212.8518484
c0gitt,1560524229.7945793
c0jpjf,1560524355.0130606
c0jcpv,1560524401.65392
c0i824,1560524500.8095765
c0jk4a,1560524518.3817825
c0l1rc,1560524596.1418526
c0il42,1560524603.4021904
c0jwqt,1560524622.7428253
c0hw0t,1560524627.6210914
c0kaj8,1560524650.0943375
c0kej8,1560524702.072467
c0ikfi,1560524715.619215
c0j6gl,1560524915.4627411
c0k4da,1560524926.6449573
c0jh3u,1560524940.2740743
c0kus6,1560524951.0976305
c0jj3p,1560524982.1259027
c0jrar,1560524982.1259177
