"subreddit","min_score_5","max_score_5","mean_score_5","sd_score_5","quantile_score_5_0.25","quantile_score_5_0.5","quantile_score_5_0.75","min_num_comments_5","max_num_comments_5","mean_num_comments_5","sd_num_comments_5","quantile_num_comments_5_0.25","quantile_num_comments_5_0.5","quantile_num_comments_5_0.75","min_score_10","max_score_10","mean_score_10","sd_score_10","quantile_score_10_0.25","quantile_score_10_0.5","quantile_score_10_0.75","min_num_comments_10","max_num_comments_10","mean_num_comments_10","sd_num_comments_10","quantile_num_comments_10_0.25","quantile_num_comments_10_0.5","quantile_num_comments_10_0.75","tipFav"
"Art",0,76,6.03056768558952,4.08337891566722,3,5,8,0,8,0.486535662299854,0.88848595248901,0,0,1,0,76,6.06113537117904,4.08258972508352,3,5,8,0,8,0.488355167394469,0.890557873232154,0,0,1,"image"
"AskReddit",0,9,1.70890360559235,1.16873530095094,1,1,2,0,29,3.53804267844003,3.37388793631811,1,3,5,0,10,2.05356880058867,1.42533228268743,1,2,3,0,52,5.39352465047829,4.68994055429277,2,4,8,"self"
"aww",0,41,9.92935611840098,5.31527448185516,6,9,13,0,19,0.739395788831248,1.25047758356029,0,0,1,0,41,10.0448581019225,5.36096425052544,6,9,13,0,19,0.751144339334757,1.26130574175663,0,0,1,"image"
"backpacking",0,6,1.35578947368421,0.848020254598697,1,1,2,0,4,1.27157894736842,0.911675690668947,1,1,2,0,7,1.60210526315789,1.22887027012416,1,1,2,0,6,1.44631578947368,1.03868329159345,1,1,2,"self"
"books",0,7,1.34412580943571,0.907777709212176,1,1,2,0,6,0.629972247918594,0.968001424837982,0,0,1,0,11,1.59666975023127,1.26861984320554,1,1,2,0,11,1.19241443108233,1.62502928701097,0,1,2,"self"
"ChoosingBeggars",0,18,2.7743553008596,2.37428305266507,1,2,4,0,9,1.09240687679083,1.434615458797,0,1,2,0,20,3.85601719197708,3.41198178210619,1,3,6,0,15,1.93123209169054,2.01737937833485,0,1,3,"image"
"cringe",0,4,1.15753424657534,0.747215355735852,1,1,1,0,6,0.236301369863014,0.566943009104738,0,0,0,0,6,1.31335616438356,1.0158738575934,1,1,2,0,7,0.48972602739726,0.856754372717453,0,0,1,"video"
"datascience",0,4,1.06158357771261,0.465601271185458,1,1,1,0,2,0.627565982404692,0.627086821471262,0,1,1,0,6,1.13489736070381,0.681250410485843,1,1,1,0,3,0.765395894428152,0.761638465172392,0,1,1,"self"
"DIY",0,10,1.26258205689278,0.871214424990063,1,1,2,0,6,0.62363238512035,0.93286679678783,0,0,1,0,17,1.46608315098468,1.3999877083174,1,1,2,0,10,1.17177242888403,1.42040817940773,0,1,2,"self"
"EarthPorn",0,26,5.55330243337196,2.85175726919281,4,5,7,0,5,0.517960602549247,0.709743052636501,0,0,1,0,38,7.9675550405562,3.98345732016881,5,7,10,0,7,0.673232908458864,0.891084133821426,0,0,1,"image"
"EatCheapAndHealthy",0,5,1.42339832869081,0.772508527260336,1,1,2,0,7,0.704735376044568,1.06585128704309,0,0,1,0,11,1.66852367688022,1.19771000951647,1,1,2,0,10,1.33426183844011,1.62374883452393,0,1,2,"self"
"explainlikeimfive",0,16,1.384513858337,1.07138166187912,1,1,2,0,11,1.03783545974483,1.35780641862154,0,1,2,0,16,1.42630884293885,1.10773265034688,1,1,2,0,11,1.229652441707,1.44044346919722,0,1,2,"self"
"funny",0,41,5.89469285415796,4.99470864900055,2,5,9,0,18,0.933695500766123,1.36643882601823,0,0,1,0,51,8.5960440172726,7.28214310479233,3,7,13,0,23,1.51260621256442,1.94732847904936,0,1,2,"image"
"gaming",0,80,5.54694217168215,6.7632323689904,1,3,8,0,35,2.7634170018028,3.26699948450754,0,2,4,0,80,5.59755928442657,6.80401404169112,1,3,8,0,35,2.80016641242546,3.30575591411463,0,2,4,"self"
"gifs",0,28,4.94205729166667,3.75120767515245,2,4,7,0,10,0.950520833333333,1.2864210847865,0,1,1,0,43,7.03450520833333,5.39097878526386,3,6,10,0,12,1.47786458333333,1.80069610062246,0,1,2,"gif"
"horror",0,6,1.1373779637378,0.70286848277464,1,1,1,0,7,0.50836820083682,0.906824394586325,0,0,1,0,7,1.25034867503487,0.952143365936518,1,1,2,0,16,0.957461645746165,1.47848141673963,0,0,1,"self"
"JapanTravel",0,3,0.966329966329966,0.383747825359474,1,1,1,0,5,0.259259259259259,0.547990463590035,0,0,0,0,3,0.968013468013468,0.542295812775234,1,1,1,0,10,0.491582491582492,0.859877547713768,0,0,1,"self"
"Jokes",0,17,2.71664675428116,2.28063854111437,1,2,4,0,19,0.847670250896057,1.30450995177771,0,0,1,0,17,2.72242134607726,2.28322490879741,1,2,4,0,19,0.85384309040223,1.31653501850889,0,0,1,"self"
"LifeProTips",0,11,1.88297013720743,1.64989613172243,1,2,3,0,9,0.817594834543987,1.16864544450626,0,0,1,0,13,2.38498789346247,2.20136555776553,1,2,4,0,14,1.46327683615819,1.77809301745206,0,1,2,"self"
"math",0,4,1.0099173553719,0.470909532564955,1,1,1,0,5,0.31404958677686,0.643781484811487,0,0,0,0,5,1.07438016528926,0.732017185502384,1,1,1,0,9,0.704132231404959,1.10988907433146,0,0,1,"self"
"movies",0,38,1.97147385103011,2.33554883608267,1,1,3,0,31,1.51294241944004,2.37264770688245,0,1,2,0,53,2.21288959323825,3.02781376255562,1,1,3,0,31,1.97464342313788,2.77873064890999,0,1,3,"self"
"nevertellmetheodds",0,23,3.71287128712871,2.73521481288286,2,3,5,0,10,0.534653465346535,1.00803861634586,0,0,1,0,23,5.02970297029703,3.62803598451649,2,5,7,0,13,0.843564356435644,1.30838690064552,0,0,1,"image"
"news",0,15,2.289356277884,1.78618426848124,1,2,3,0,12,0.634799235181644,1.01949741324421,0,0,1,0,22,3.1465901848311,2.62910081255591,1,3,4,0,11,1.10388782664117,1.51524276618315,0,1,2,"news"
"OutOfTheLoop",0,4,1.19420289855072,0.747064810311346,1,1,2,1,7,1.33913043478261,0.741858404832775,1,1,1,0,6,1.32753623188406,1.01727578210239,1,1,2,1,9,1.65217391304348,1.08405578565428,1,1,2,"self"
"pcgaming",0,9,1.11987860394537,1.17783219163864,0,1,2,0,13,0.924886191198786,1.35542548044937,0,0,1,0,15,1.40440060698027,1.76601135605169,0,1,2,0,17,1.69878603945372,2.13788512676289,0,1,2,"self"
"pics",0,25,4.34268484530676,3.20584848512119,2,4,6,0,16,0.803880440482433,1.3074909559296,0,0,1,0,35,5.95293654955427,4.28073005757058,3,5,8,0,20,1.27595700052438,1.85037923298807,0,1,2,"image"
"PublicFreakout",0,13,2.21172353455818,1.86843137910417,1,2,3,0,13,2.04636920384952,1.53435338445964,1,2,3,0,18,2.86964129483815,2.56740592109766,1,2,4,0,16,2.80664916885389,2.04808001719776,1,2,4,"video"
"quityourbullshit",0,12,2.65909090909091,2.03785797943191,1,2,4,0,7,1.71969696969697,1.1019286423041,1,1,2,0,17,3.50378787878788,2.76333215443243,1,3,5,1,12,2.13162878787879,1.5315647601971,1,2,3,"image"
"science",0,12,2.42283298097252,1.69807447989507,1,2,3,0,7,0.571881606765328,0.813648163591833,0,0,1,0,15,3.21564482029598,2.36061342056105,2,3,4,0,9,0.876321353065539,1.09763073286213,0,1,1,"other"
"sex",0,8,1.29083806818182,0.950797295077403,1,1,2,0,23,1.94708806818182,2.30430257243911,0,1,3,0,8,1.29225852272727,0.953719694698206,1,1,2,0,23,1.984375,2.32427245630854,0,1,3,"self"
"Showerthoughts",0,17,3.14431849599115,2.28555086900468,1,3,5,0,18,1.16311860658004,1.50392454220657,0,1,2,0,18,4.24937793751728,2.98014356393291,2,4,6,0,25,1.83798728227813,2.10074351998669,0,1,3,"self"
"sports",0,13,1.90207715133531,1.59591046002303,1,1,2,0,4,0.338278931750742,0.705919279456496,0,0,0,0,22,2.44807121661721,2.63974951817831,1,2,3,0,10,0.614243323442137,1.11783649462376,0,0,1,"other"
"StarWars",0,19,2.62417096536478,2.34494485351567,1,2,4,0,11,0.85924834193073,1.40535124398112,0,0,1,0,20,3.30803242446573,2.99670941050068,1,2,5,0,13,1.26602800294768,1.81621748071875,0,1,2,"image"
"television",0,8,1.15978994748687,1.14128264771306,0,1,2,0,9,0.570892723180795,1.02906362786504,0,0,1,0,17,1.384096024006,1.66876958226725,0,1,2,0,14,1.07426856714179,1.77943866453739,0,0,1,"self"
"The_Donald",0,82,5.03913171884229,3.82192274920457,3,4,7,0,20,0.674985233313644,1.16372347483352,0,0,1,0,88,8.20392793857058,5.39361026416505,5,7,11,0,23,1.21500295333727,1.76398585414557,0,1,2,"image"
"todayilearned",0,25,4.36666666666667,3.17910772998746,2,4,6,0,14,1.35611111111111,1.71004500130589,0,1,2,0,25,4.51111111111111,3.25818572146228,2,4,6,0,14,1.43777777777778,1.79602289167212,0,1,2,"other"
"trashy",0,17,2.88213333333333,2.40274561318486,1,3,4,0,15,1.8288,2.02677446398333,0,1,3,0,19,3.83573333333333,3.26174144275978,1,3,6,0,19,2.8928,2.6964394880076,1,2,4,"image"
"unpopularopinion",0,12,1.8240465416936,1.55585297418331,1,2,3,0,42,2.88713639301875,2.28803993024774,1,2,4,0,15,2.24718810601164,1.92909535487381,1,2,3,0,42,4.43981900452489,3.4471467561663,2,4,6,"self"
"videos",0,43,1.4090093681483,1.7122967857262,1,1,2,0,15,0.339246561690253,0.833245890787472,0,0,0,0,43,1.40940801275663,1.71324909935333,1,1,2,0,15,0.340442495515248,0.834193043499986,0,0,0,"other"
"worldnews",0,61,2.65628571428571,2.35159773808649,1,2,4,0,32,0.832857142857143,1.32395233819748,0,0,1,0,61,2.76542857142857,2.40821311038037,1,2,4,0,32,0.887428571428571,1.36418556125605,0,0,1,"other"
