"id","subreddit","score_5","num_comments_5","dist_5","score_10","num_comments_10","dist_10","hc","wd","title","body","isSelf","isImage","isVideo","isNews","isGif","isOther","min_score_5","max_score_5","mean_score_5","sd_score_5","quantile_score_5_0.25","quantile_score_5_0.5","quantile_score_5_0.75","min_num_comments_5","max_num_comments_5","mean_num_comments_5","sd_num_comments_5","quantile_num_comments_5_0.25","quantile_num_comments_5_0.5","quantile_num_comments_5_0.75","min_score_10","max_score_10","mean_score_10","sd_score_10","quantile_score_10_0.25","quantile_score_10_0.5","quantile_score_10_0.75","min_num_comments_10","max_num_comments_10","mean_num_comments_10","sd_num_comments_10","quantile_num_comments_10_0.25","quantile_num_comments_10_0.5","quantile_num_comments_10_0.75","tipFav","commentN","commentK","commentR","postN","postK","postR","trophiesN","has_verified_email","is_gold"
"bz9nw4","news",6,2,181.695557117462,6,1,26.5134210586548,9,"Fri",46,230,"1","0","0","0","0","0",0,12,1.8240465416936,1.55585297418331,1,2,3,0,42,2.88713639301875,2.28803993024774,1,2,4,0,15,2.24718810601164,1.92909535487381,1,2,3,0,42,4.43981900452489,3.4471467561663,2,4,6,"self",147,99,0,40,5879,146,0,"False","False"
"bz9pnl","news",3,0,-70.7531776428223,7,0,52.3316535949707,10,"Fri",92,298,"1","0","0","0","0","0",0,12,1.8240465416936,1.55585297418331,1,2,3,0,42,2.88713639301875,2.28803993024774,1,2,4,0,15,2.24718810601164,1.92909535487381,1,2,3,0,42,4.43981900452489,3.4471467561663,2,4,6,"self",56,108,1,2,3,1,1,"True","False"
"bz9rm4","news",2,4,32.6634926795959,3,4,234.727268695831,10,"Fri",26,393,"1","0","0","0","0","0",0,12,1.8240465416936,1.55585297418331,1,2,3,0,42,2.88713639301875,2.28803993024774,1,2,4,0,15,2.24718810601164,1.92909535487381,1,2,3,0,42,4.43981900452489,3.4471467561663,2,4,6,"self",350,18886,53,125,10930,87,5,"True","False"
"bz9tch","news",4,1,35.0954670906067,14,1,38.3793745040894,10,"Fri",40,1690,"1","0","0","0","0","0",0,12,1.8240465416936,1.55585297418331,1,2,3,0,42,2.88713639301875,2.28803993024774,1,2,4,0,15,2.24718810601164,1.92909535487381,1,2,3,0,42,4.43981900452489,3.4471467561663,2,4,6,"self",130,-10,0,16,70,4,0,"False","False"
"bz9tp8","news",2,2,-209.580331802368,2,2,170.341795444489,10,"Fri",64,357,"1","0","0","0","0","0",0,12,1.8240465416936,1.55585297418331,1,2,3,0,42,2.88713639301875,2.28803993024774,1,2,4,0,15,2.24718810601164,1.92909535487381,1,2,3,0,42,4.43981900452489,3.4471467561663,2,4,6,"self",350,3587,10,75,3070,40,1,"True","False"
"bz9u3p","news",2,0,29.2664000988007,5,0,86.5828258991241,10,"Fri",47,291,"1","0","0","0","0","0",0,12,1.8240465416936,1.55585297418331,1,2,3,0,42,2.88713639301875,2.28803993024774,1,2,4,0,15,2.24718810601164,1.92909535487381,1,2,3,0,42,4.43981900452489,3.4471467561663,2,4,6,"self",185,638,3,223,12980,58,1,"True","False"
"bz9u4b","news",2,1,-181.836429595947,2,1,76.9326965808868,10,"Fri",65,559,"1","0","0","0","0","0",0,12,1.8240465416936,1.55585297418331,1,2,3,0,42,2.88713639301875,2.28803993024774,1,2,4,0,15,2.24718810601164,1.92909535487381,1,2,3,0,42,4.43981900452489,3.4471467561663,2,4,6,"self",350,433,1,94,752,8,2,"True","False"
"bz9uex","news",4,2,-21.2391045093536,5,1,11.2246694564819,10,"Fri",36,528,"1","0","0","0","0","0",0,12,1.8240465416936,1.55585297418331,1,2,3,0,42,2.88713639301875,2.28803993024774,1,2,4,0,15,2.24718810601164,1.92909535487381,1,2,3,0,42,4.43981900452489,3.4471467561663,2,4,6,"self",45,15,0,1,4,4,0,"False","False"
"bz9uwi","backpacking",0,1,221.534323453903,0,1,-78.4656765460968,10,"Fri",20,744,"1","0","0","0","0","0",0,4,1.06158357771261,0.465601271185458,1,1,1,0,2,0.627565982404692,0.627086821471262,0,1,1,0,6,1.13489736070381,0.681250410485843,1,1,1,0,3,0.765395894428152,0.761638465172392,0,1,1,"self",81,172,2,6,44,7,1,"True","False"
"bz9v5w","news",4,2,-30.4659204483032,4,2,-169.128747940063,10,"Fri",35,767,"1","0","0","0","0","0",0,12,1.8240465416936,1.55585297418331,1,2,3,0,42,2.88713639301875,2.28803993024774,1,2,4,0,15,2.24718810601164,1.92909535487381,1,2,3,0,42,4.43981900452489,3.4471467561663,2,4,6,"self",200,111,0,24,96,4,1,"True","False"
"bz9v62","gaming",0,1,131.556443214417,0,1,-168.443556785583,10,"Fri",63,0,"0","0","0","0","0","1",0,15,2.289356277884,1.78618426848124,1,2,3,0,12,0.634799235181644,1.01949741324421,0,0,1,0,22,3.1465901848311,2.62910081255591,1,3,4,0,11,1.10388782664117,1.51524276618315,0,1,2,"news",350,47668,136,250,409358,1637,1,"False","False"
"bz9vlv","news",2,2,30.404328584671,2,2,-269.595671415329,10,"Fri",32,449,"1","0","0","0","0","0",0,12,1.8240465416936,1.55585297418331,1,2,3,0,42,2.88713639301875,2.28803993024774,1,2,4,0,15,2.24718810601164,1.92909535487381,1,2,3,0,42,4.43981900452489,3.4471467561663,2,4,6,"self",295,2458,8,4,33,8,1,"False","False"
"bz9w4z","news",2,2,-91.7432227134705,2,2,-391.74322271347,10,"Fri",33,258,"1","0","0","0","0","0",0,12,1.8240465416936,1.55585297418331,1,2,3,0,42,2.88713639301875,2.28803993024774,1,2,4,0,15,2.24718810601164,1.92909535487381,1,2,3,0,42,4.43981900452489,3.4471467561663,2,4,6,"self",116,619,5,28,2215,79,2,"True","False"
"bz9wwy","gaming",0,1,-264.349480390549,0,1,-564.349480390549,10,"Fri",66,0,"0","0","0","1","0","0",0,15,2.289356277884,1.78618426848124,1,2,3,0,12,0.634799235181644,1.01949741324421,0,0,1,0,22,3.1465901848311,2.62910081255591,1,3,4,0,11,1.10388782664117,1.51524276618315,0,1,2,"news",217,250,1,68,2046,30,3,"True","False"
"bzb9a9","EatCheapAndHealthy",0,2,101.838906049728,0,3,4.05298733711243,13,"Fri",34,73,"1","0","0","0","0","0",0,17,2.71664675428116,2.28063854111437,1,2,4,0,19,0.847670250896057,1.30450995177771,0,0,1,0,17,2.72242134607726,2.28322490879741,1,2,4,0,19,0.85384309040223,1.31653501850889,0,0,1,"self",350,1902,5,36,475,13,3,"False","True"
"bzb9au","AskReddit",0,11,101.518363237381,0,13,-2.06343936920166,13,"Fri",33,0,"0","1","0","0","0","0",0,41,9.92935611840098,5.31527448185516,6,9,13,0,19,0.739395788831248,1.25047758356029,0,0,1,0,41,10.0448581019225,5.36096425052544,6,9,13,0,19,0.751144339334757,1.26130574175663,0,0,1,"image",350,2724,7,72,1293,17,0,"False","False"
"bzb9bj","gifs",1,5,95.1139659881592,1,6,-51.6303222179413,13,"Fri",53,0,"0","1","0","0","0","0",0,25,4.34268484530676,3.20584848512119,2,4,6,0,16,0.803880440482433,1.3074909559296,0,0,1,0,35,5.95293654955427,4.28073005757058,3,5,8,0,20,1.27595700052438,1.85037923298807,0,1,2,"image",1,4,4,2,118,59,1,"True","False"
"bzb9cc","movies",0,3,100.75409913063,0,3,-199.24590086937,13,"Fri",24,0,"0","1","0","0","0","0",0,82,5.03913171884229,3.82192274920457,3,4,7,0,20,0.674985233313644,1.16372347483352,0,0,1,0,88,8.20392793857058,5.39361026416505,5,7,11,0,23,1.21500295333727,1.76398585414557,0,1,2,"image",0,0,0,4,138,34,2,"True","False"
"bzb9gq","funny",0,1,67.1313450336456,0,1,-232.868654966354,13,"Fri",67,0,"0","0","0","0","0","1",0,38,1.97147385103011,2.33554883608267,1,1,3,0,31,1.51294241944004,2.37264770688245,0,1,2,0,53,2.21288959323825,3.02781376255562,1,1,3,0,31,1.97464342313788,2.77873064890999,0,1,3,"self",350,23504,67,250,63437,253,1,"False","False"
"bzb9hg","cringe",3,0,65.8159213066101,4,0,37.3164241313934,13,"Fri",6,0,"0","0","0","0","1","0",0,41,5.89469285415796,4.99470864900055,2,5,9,0,18,0.933695500766123,1.36643882601823,0,0,1,0,51,8.5960440172726,7.28214310479233,3,7,13,0,23,1.51260621256442,1.94732847904936,0,1,2,"image",13,-2,0,8,148,18,1,"True","False"
"bzb9ld","movies",0,3,50.8253362178802,0,5,20.7681505680084,13,"Fri",285,0,"0","0","0","0","0","1",0,82,5.03913171884229,3.82192274920457,3,4,7,0,20,0.674985233313644,1.16372347483352,0,0,1,0,88,8.20392793857058,5.39361026416505,5,7,11,0,23,1.21500295333727,1.76398585414557,0,1,2,"image",350,145930,416,250,608165,2432,2,"True","False"
"bzb9m6","math",0,2,35.5403411388397,0,3,170.179330587387,13,"Fri",102,0,"0","0","0","0","0","1",0,8,1.15978994748687,1.14128264771306,0,1,2,0,9,0.570892723180795,1.02906362786504,0,0,1,0,17,1.384096024006,1.66876958226725,0,1,2,0,14,1.07426856714179,1.77943866453739,0,0,1,"self",350,29223,83,231,17432,75,1,"False","False"
"bzb9rq","JapanTravel",0,1,12.062548160553,0,3,17.4548571109772,13,"Fri",240,0,"0","0","0","0","0","1",0,12,2.42283298097252,1.69807447989507,1,2,3,0,7,0.571881606765328,0.813648163591833,0,0,1,0,15,3.21564482029598,2.36061342056105,2,3,4,0,9,0.876321353065539,1.09763073286213,0,1,1,"other",350,31328,89,250,3075202,12300,5,"True","True"
"bzb9ur","cringe",0,9,0.81219744682312,1,14,10.39870262146,13,"Fri",7,0,"0","1","0","0","0","0",0,41,5.89469285415796,4.99470864900055,2,5,9,0,18,0.933695500766123,1.36643882601823,0,0,1,0,51,8.5960440172726,7.28214310479233,3,7,13,0,23,1.51260621256442,1.94732847904936,0,1,2,"image",6,13,2,5,61,12,0,"False","False"
"bzb9yy","books",0,3,-20.548406124115,1,5,-47.1300375461578,13,"Fri",45,0,"0","1","0","0","0","0",0,26,5.55330243337196,2.85175726919281,4,5,7,0,5,0.517960602549247,0.709743052636501,0,0,1,0,38,7.9675550405562,3.98345732016881,5,7,10,0,7,0.673232908458864,0.891084133821426,0,0,1,"image",350,1606,4,152,4843,31,2,"True","False"
"bzb9z6","movies",1,4,-16.1146199703217,1,7,20.9323489665985,13,"Fri",65,0,"0","0","0","0","0","1",0,82,5.03913171884229,3.82192274920457,3,4,7,0,20,0.674985233313644,1.16372347483352,0,0,1,0,88,8.20392793857058,5.39361026416505,5,7,11,0,23,1.21500295333727,1.76398585414557,0,1,2,"image",350,17198,49,250,1455711,5822,3,"True","False"
"bzb9zm","movies",1,7,-19.2062835693359,1,8,85.5734081268311,13,"Fri",32,0,"0","1","0","0","0","0",0,82,5.03913171884229,3.82192274920457,3,4,7,0,20,0.674985233313644,1.16372347483352,0,0,1,0,88,8.20392793857058,5.39361026416505,5,7,11,0,23,1.21500295333727,1.76398585414557,0,1,2,"image",350,1434,4,250,95172,380,1,"False","False"
"bzb9zw","datascience",0,4,-11.3410768508911,0,8,-42.1736221313477,13,"Fri",93,0,"0","1","0","0","0","0",0,80,5.54694217168215,6.7632323689904,1,3,8,0,35,2.7634170018028,3.26699948450754,0,2,4,0,80,5.59755928442657,6.80401404169112,1,3,8,0,35,2.80016641242546,3.30575591411463,0,2,4,"self",109,476,4,12,1244,103,0,"False","False"
"bzba1q","datascience",2,1,-22.345556974411,5,0,6.0296413898468,13,"Fri",30,126,"1","0","0","0","0","0",0,80,5.54694217168215,6.7632323689904,1,3,8,0,35,2.7634170018028,3.26699948450754,0,2,4,0,80,5.59755928442657,6.80401404169112,1,3,8,0,35,2.80016641242546,3.30575591411463,0,2,4,"self",343,102,0,6,3,0,2,"True","False"
"bzba1r","datascience",0,2,-0.183685064315796,0,2,-300.183685064316,13,"Fri",39,0,"0","0","0","0","0","1",0,80,5.54694217168215,6.7632323689904,1,3,8,0,35,2.7634170018028,3.26699948450754,0,2,4,0,80,5.59755928442657,6.80401404169112,1,3,8,0,35,2.80016641242546,3.30575591411463,0,2,4,"self",104,575,5,29,1604,55,2,"True","False"
"bzba6s","datascience",2,0,-56.6185524463654,2,0,-356.618552446365,13,"Fri",62,148,"1","0","0","0","0","0",0,80,5.54694217168215,6.7632323689904,1,3,8,0,35,2.7634170018028,3.26699948450754,0,2,4,0,80,5.59755928442657,6.80401404169112,1,3,8,0,35,2.80016641242546,3.30575591411463,0,2,4,"self",18,-9,0,14,1,0,2,"True","False"
"bzba70","OutOfTheLoop",0,1,-35.6704905033112,0,0,-72.846447467804,13,"Fri",68,0,"0","0","1","0","0","0",0,43,1.4090093681483,1.7122967857262,1,1,2,0,15,0.339246561690253,0.833245890787472,0,0,0,0,43,1.40940801275663,1.71324909935333,1,1,2,0,15,0.340442495515248,0.834193043499986,0,0,0,"other",7,12,1,171,2906,16,1,"True","False"
"bzba7s","movies",0,2,-61.1860332489014,0,3,-23.1003255844116,13,"Fri",10,0,"0","0","0","0","0","1",0,82,5.03913171884229,3.82192274920457,3,4,7,0,20,0.674985233313644,1.16372347483352,0,0,1,0,88,8.20392793857058,5.39361026416505,5,7,11,0,23,1.21500295333727,1.76398585414557,0,1,2,"image",350,22162,63,250,52297,209,3,"True","False"
"bzba7w","movies",0,4,-62.2658665180206,0,6,275.39040184021,13,"Fri",51,94,"1","0","0","0","0","0",0,82,5.03913171884229,3.82192274920457,3,4,7,0,20,0.674985233313644,1.16372347483352,0,0,1,0,88,8.20392793857058,5.39361026416505,5,7,11,0,23,1.21500295333727,1.76398585414557,0,1,2,"image",350,49478,141,250,44155,176,2,"True","False"
"bzba9u","EarthPorn",1,1,14.5910105705261,1,1,-285.408989429474,13,"Fri",32,676,"1","0","0","0","1","0",0,3,0.966329966329966,0.383747825359474,1,1,1,0,5,0.259259259259259,0.547990463590035,0,0,0,0,3,0.968013468013468,0.542295812775234,1,1,1,0,10,0.491582491582492,0.859877547713768,0,0,1,"self",65,32,0,8,15,1,2,"True","False"
"bzbaeb","cringe",2,14,-10.1881675720215,3,22,-25.9755232334137,13,"Fri",57,0,"0","0","0","0","1","0",0,41,5.89469285415796,4.99470864900055,2,5,9,0,18,0.933695500766123,1.36643882601823,0,0,1,0,51,8.5960440172726,7.28214310479233,3,7,13,0,23,1.51260621256442,1.94732847904936,0,1,2,"image",8,49,6,4,368,92,0,"False","False"
"bzbaew","nevertellmetheodds",6,6,14.564591884613,6,8,180.64596247673,13,"Fri",68,0,"0","1","0","0","0","0",0,17,2.88213333333333,2.40274561318486,1,3,4,0,15,1.8288,2.02677446398333,0,1,3,0,19,3.83573333333333,3.26174144275978,1,3,6,0,19,2.8928,2.6964394880076,1,2,4,"image",350,2989,8,246,54635,222,2,"True","False"
"bzbaf6","OutOfTheLoop",0,2,75.7032599449158,0,2,-224.296740055084,13,"Fri",31,0,"0","0","1","0","0","0",0,43,1.4090093681483,1.7122967857262,1,1,2,0,15,0.339246561690253,0.833245890787472,0,0,0,0,43,1.40940801275663,1.71324909935333,1,1,2,0,15,0.340442495515248,0.834193043499986,0,0,0,"other",350,52336,149,250,43313,173,3,"True","False"
"bzbakt","gifs",1,6,-6.50756359100342,1,10,-128.024248123169,13,"Fri",25,0,"0","1","0","0","0","0",0,25,4.34268484530676,3.20584848512119,2,4,6,0,16,0.803880440482433,1.3074909559296,0,0,1,0,35,5.95293654955427,4.28073005757058,3,5,8,0,20,1.27595700052438,1.85037923298807,0,1,2,"image",350,155651,444,250,2054136,8216,3,"True","False"
"bzbalm","DIY",0,10,28.7760775089264,1,14,-16.8662712574005,13,"Fri",53,0,"0","0","0","0","0","1",0,28,4.94205729166667,3.75120767515245,2,4,7,0,10,0.950520833333333,1.2864210847865,0,1,1,0,43,7.03450520833333,5.39097878526386,3,6,10,0,12,1.47786458333333,1.80069610062246,0,1,2,"gif",289,186450,645,250,3192275,12769,14,"False","True"
"bzbalr","movies",0,7,-19.5011849403381,0,10,-22.0846064090729,13,"Fri",152,0,"0","0","0","0","0","1",0,82,5.03913171884229,3.82192274920457,3,4,7,0,20,0.674985233313644,1.16372347483352,0,0,1,0,88,8.20392793857058,5.39361026416505,5,7,11,0,23,1.21500295333727,1.76398585414557,0,1,2,"image",350,34979,99,15,612,40,0,"False","False"
"bzbamx","datascience",0,1,68.9871900081635,1,0,210.423300027847,13,"Fri",80,0,"1","0","0","0","0","0",0,80,5.54694217168215,6.7632323689904,1,3,8,0,35,2.7634170018028,3.26699948450754,0,2,4,0,80,5.59755928442657,6.80401404169112,1,3,8,0,35,2.80016641242546,3.30575591411463,0,2,4,"self",6,3,0,8,28,3,1,"True","False"
"bzbao6","AskReddit",0,6,-8.10678935050964,0,9,-41.0871572494507,13,"Fri",62,0,"0","0","1","0","0","0",0,41,9.92935611840098,5.31527448185516,6,9,13,0,19,0.739395788831248,1.25047758356029,0,0,1,0,41,10.0448581019225,5.36096425052544,6,9,13,0,19,0.751144339334757,1.26130574175663,0,0,1,"image",350,2535,7,70,1241,17,1,"True","False"
"bzbap3","datascience",0,3,4.39585852622986,0,3,-295.60414147377,13,"Fri",40,0,"0","1","0","0","0","0",0,80,5.54694217168215,6.7632323689904,1,3,8,0,35,2.7634170018028,3.26699948450754,0,2,4,0,80,5.59755928442657,6.80401404169112,1,3,8,0,35,2.80016641242546,3.30575591411463,0,2,4,"self",350,2473,7,189,5133,27,1,"False","False"
"bzbape","LifeProTips",0,3,-54.9210186004639,0,4,-49.0993785858154,13,"Fri",90,0,"0","1","0","0","0","0",0,19,2.62417096536478,2.34494485351567,1,2,4,0,11,0.85924834193073,1.40535124398112,0,0,1,0,20,3.30803242446573,2.99670941050068,1,2,5,0,13,1.26602800294768,1.81621748071875,0,1,2,"image",350,18507,52,193,70722,366,2,"True","False"
"bzbapf","books",3,5,-20.4809606075287,4,8,27.3806335926056,13,"Fri",86,0,"0","1","0","0","0","0",0,26,5.55330243337196,2.85175726919281,4,5,7,0,5,0.517960602549247,0.709743052636501,0,0,1,0,38,7.9675550405562,3.98345732016881,5,7,10,0,7,0.673232908458864,0.891084133821426,0,0,1,"image",350,876,2,81,2316,28,1,"True","False"
"bzbaq9","AskReddit",1,11,27.0281903743744,2,14,-45.4885601997375,13,"Fri",25,0,"0","1","0","0","0","0",0,41,9.92935611840098,5.31527448185516,6,9,13,0,19,0.739395788831248,1.25047758356029,0,0,1,0,41,10.0448581019225,5.36096425052544,6,9,13,0,19,0.751144339334757,1.26130574175663,0,0,1,"image",350,155651,444,250,2054136,8216,3,"True","False"
"bzbat9","cringe",0,18,-4.50054264068604,0,22,27.6033926010132,13,"Fri",11,0,"0","1","0","0","0","0",0,41,5.89469285415796,4.99470864900055,2,5,9,0,18,0.933695500766123,1.36643882601823,0,0,1,0,51,8.5960440172726,7.28214310479233,3,7,13,0,23,1.51260621256442,1.94732847904936,0,1,2,"image",337,1519,4,16,21254,1328,0,"False","False"
"bzbavv","pcgaming",0,2,-47.9907026290894,0,3,-92.9816167354584,13,"Fri",46,0,"0","0","0","1","0","0",0,61,2.65628571428571,2.35159773808649,1,2,4,0,32,0.832857142857143,1.32395233819748,0,0,1,0,61,2.76542857142857,2.40821311038037,1,2,4,0,32,0.887428571428571,1.36418556125605,0,0,1,"other",350,1527,4,127,130834,1030,3,"True","True"
"bzbaw5","gifs",0,7,-72.5317230224609,1,7,226.691603899002,13,"Fri",119,0,"0","1","0","0","0","0",0,25,4.34268484530676,3.20584848512119,2,4,6,0,16,0.803880440482433,1.3074909559296,0,0,1,0,35,5.95293654955427,4.28073005757058,3,5,8,0,20,1.27595700052438,1.85037923298807,0,1,2,"image",350,22726,64,49,203,4,3,"True","False"
"bzbawu","datascience",1,17,18.2110483646393,2,19,-123.212188720703,13,"Fri",39,0,"0","1","0","0","0","0",0,80,5.54694217168215,6.7632323689904,1,3,8,0,35,2.7634170018028,3.26699948450754,0,2,4,0,80,5.59755928442657,6.80401404169112,1,3,8,0,35,2.80016641242546,3.30575591411463,0,2,4,"self",350,20951,59,152,18583,122,2,"True","False"
"bzbb0b","movies",2,8,-7.74567437171936,2,12,-94.3276648521423,13,"Fri",46,0,"0","1","0","0","0","0",0,82,5.03913171884229,3.82192274920457,3,4,7,0,20,0.674985233313644,1.16372347483352,0,0,1,0,88,8.20392793857058,5.39361026416505,5,7,11,0,23,1.21500295333727,1.76398585414557,0,1,2,"image",350,5979,17,88,103688,1178,2,"True","False"
"bzbb1j","ChoosingBeggars",1,2,-89.9128911495209,1,2,-389.912891149521,13,"Fri",115,0,"1","0","0","0","0","0",0,16,1.384513858337,1.07138166187912,1,1,2,0,11,1.03783545974483,1.35780641862154,0,1,2,0,16,1.42630884293885,1.10773265034688,1,1,2,0,11,1.229652441707,1.44044346919722,0,1,2,"self",157,568,3,38,961,25,1,"True","False"
"bzbb1l","gifs",0,2,7.92980360984802,0,2,-292.070196390152,13,"Fri",19,0,"0","1","0","0","0","0",0,25,4.34268484530676,3.20584848512119,2,4,6,0,16,0.803880440482433,1.3074909559296,0,0,1,0,35,5.95293654955427,4.28073005757058,3,5,8,0,20,1.27595700052438,1.85037923298807,0,1,2,"image",350,7635,21,250,394763,1579,3,"True","True"
"bzbb24","pcgaming",0,2,-90.0351686477661,0,3,215.116175174713,13,"Fri",60,0,"0","0","0","1","0","0",0,61,2.65628571428571,2.35159773808649,1,2,4,0,32,0.832857142857143,1.32395233819748,0,0,1,0,61,2.76542857142857,2.40821311038037,1,2,4,0,32,0.887428571428571,1.36418556125605,0,0,1,"other",350,1527,4,127,130834,1030,3,"True","True"
"bzbb2r","OutOfTheLoop",0,0,-102.511185884476,0,0,-183.03551530838,13,"Fri",83,0,"0","0","1","0","0","0",0,43,1.4090093681483,1.7122967857262,1,1,2,0,15,0.339246561690253,0.833245890787472,0,0,0,0,43,1.40940801275663,1.71324909935333,1,1,2,0,15,0.340442495515248,0.834193043499986,0,0,0,"other",142,183,1,10,218,21,1,"True","False"
"bzbb5t","pcgaming",1,2,-17.3021600246429,1,2,-152.703008174896,13,"Fri",56,0,"0","0","0","1","0","0",0,61,2.65628571428571,2.35159773808649,1,2,4,0,32,0.832857142857143,1.32395233819748,0,0,1,0,61,2.76542857142857,2.40821311038037,1,2,4,0,32,0.887428571428571,1.36418556125605,0,0,1,"other",350,1527,4,127,130834,1030,3,"True","True"
"bzbb6i","AskReddit",0,6,-31.4601094722748,0,12,111.500831365585,13,"Fri",84,0,"0","1","0","0","0","0",0,41,9.92935611840098,5.31527448185516,6,9,13,0,19,0.739395788831248,1.25047758356029,0,0,1,0,41,10.0448581019225,5.36096425052544,6,9,13,0,19,0.751144339334757,1.26130574175663,0,0,1,"image",65,93,1,52,5700,109,2,"True","False"
"bzbb9e","movies",1,8,-94.3981256484985,1,15,-62.7853448390961,13,"Fri",168,0,"0","0","0","0","0","1",0,82,5.03913171884229,3.82192274920457,3,4,7,0,20,0.674985233313644,1.16372347483352,0,0,1,0,88,8.20392793857058,5.39361026416505,5,7,11,0,23,1.21500295333727,1.76398585414557,0,1,2,"image",350,98305,280,250,1851881,7407,1,"False","False"
"bzbbbh","EatCheapAndHealthy",2,1,52.5627398490906,2,2,-182.106777429581,13,"Fri",70,13,"1","0","0","0","0","0",0,17,2.71664675428116,2.28063854111437,1,2,4,0,19,0.847670250896057,1.30450995177771,0,0,1,0,17,2.72242134607726,2.28322490879741,1,2,4,0,19,0.85384309040223,1.31653501850889,0,0,1,"self",84,129,1,30,8122,270,2,"True","False"
"bzbbbn","Jokes",0,5,-239.439834833145,0,5,267.731275558472,13,"Fri",106,0,"1","0","0","0","0","0",0,17,3.14431849599115,2.28555086900468,1,3,5,0,18,1.16311860658004,1.50392454220657,0,1,2,0,18,4.24937793751728,2.98014356393291,2,4,6,0,25,1.83798728227813,2.10074351998669,0,1,3,"self",350,899,2,93,327,3,0,"False","False"
"bzbbcq","pcgaming",0,3,150.709538221359,0,3,-149.290461778641,13,"Fri",123,0,"0","0","0","0","0","1",0,61,2.65628571428571,2.35159773808649,1,2,4,0,32,0.832857142857143,1.32395233819748,0,0,1,0,61,2.76542857142857,2.40821311038037,1,2,4,0,32,0.887428571428571,1.36418556125605,0,0,1,"other",350,106485,304,250,274047,1096,1,"False","False"
"bzbbhl","LifeProTips",0,5,-9.02733135223389,0,7,-113.715953826904,13,"Fri",26,0,"0","1","0","0","0","0",0,19,2.62417096536478,2.34494485351567,1,2,4,0,11,0.85924834193073,1.40535124398112,0,0,1,0,20,3.30803242446573,2.99670941050068,1,2,5,0,13,1.26602800294768,1.81621748071875,0,1,2,"image",66,344,5,35,3084,88,0,"False","False"
"bzbblb","movies",2,10,67.1330552101135,2,14,64.6023786067963,13,"Fri",283,0,"0","0","0","0","0","1",0,82,5.03913171884229,3.82192274920457,3,4,7,0,20,0.674985233313644,1.16372347483352,0,0,1,0,88,8.20392793857058,5.39361026416505,5,7,11,0,23,1.21500295333727,1.76398585414557,0,1,2,"image",350,98305,280,250,1851881,7407,1,"False","False"
"bzbbld","gifs",0,2,-239.097078800201,0,1,227.701261997223,13,"Fri",31,0,"0","1","0","0","0","0",0,25,4.34268484530676,3.20584848512119,2,4,6,0,16,0.803880440482433,1.3074909559296,0,0,1,0,35,5.95293654955427,4.28073005757058,3,5,8,0,20,1.27595700052438,1.85037923298807,0,1,2,"image",205,367,1,250,6135,24,2,"True","False"
"bzbbnl","JapanTravel",0,2,47.5155327320099,0,5,-135.451550245285,13,"Fri",137,0,"0","0","0","0","0","1",0,12,2.42283298097252,1.69807447989507,1,2,3,0,7,0.571881606765328,0.813648163591833,0,0,1,0,15,3.21564482029598,2.36061342056105,2,3,4,0,9,0.876321353065539,1.09763073286213,0,1,1,"other",5,-6,-1,6,110,18,2,"True","False"
"bzbbnz","OutOfTheLoop",0,2,-24.5776591300964,0,3,57.2745144367218,13,"Fri",71,0,"0","0","1","0","0","0",0,43,1.4090093681483,1.7122967857262,1,1,2,0,15,0.339246561690253,0.833245890787472,0,0,0,0,43,1.40940801275663,1.71324909935333,1,1,2,0,15,0.340442495515248,0.834193043499986,0,0,0,"other",62,192,3,250,3175,12,1,"True","False"
"bzbbpc","cringe",4,13,31.3138234615326,6,19,12.0231838226318,13,"Fri",78,0,"0","1","0","0","0","0",0,41,5.89469285415796,4.99470864900055,2,5,9,0,18,0.933695500766123,1.36643882601823,0,0,1,0,51,8.5960440172726,7.28214310479233,3,7,13,0,23,1.51260621256442,1.94732847904936,0,1,2,"image",12,89,7,6,22,3,2,"True","False"
"bzbbq7","gifs",2,5,28.9435381889343,3,8,51.3900098800659,13,"Fri",49,0,"0","1","0","0","0","0",0,25,4.34268484530676,3.20584848512119,2,4,6,0,16,0.803880440482433,1.3074909559296,0,0,1,0,35,5.95293654955427,4.28073005757058,3,5,8,0,20,1.27595700052438,1.85037923298807,0,1,2,"image",350,11032,31,250,37116,148,2,"True","False"
"bzbbqe","EatCheapAndHealthy",0,1,-271.954832315445,0,1,155.160168170929,13,"Fri",33,53,"1","0","0","0","0","0",0,17,2.71664675428116,2.28063854111437,1,2,4,0,19,0.847670250896057,1.30450995177771,0,0,1,0,17,2.72242134607726,2.28322490879741,1,2,4,0,19,0.85384309040223,1.31653501850889,0,0,1,"self",350,4007,11,75,1345,17,2,"True","False"
"bzbbqj","Art",2,4,38.7954118251801,1,5,6.9724555015564,13,"Fri",33,0,"0","1","0","0","0","0",0,76,6.03056768558952,4.08337891566722,3,5,8,0,8,0.486535662299854,0.88848595248901,0,0,1,0,76,6.06113537117904,4.08258972508352,3,5,8,0,8,0.488355167394469,0.890557873232154,0,0,1,"image",167,609,3,19,946,49,2,"True","False"
"bzbbrf","cringe",0,3,-101.766730546951,0,5,40.2625460624695,13,"Fri",10,0,"0","1","0","0","0","0",0,41,5.89469285415796,4.99470864900055,2,5,9,0,18,0.933695500766123,1.36643882601823,0,0,1,0,51,8.5960440172726,7.28214310479233,3,7,13,0,23,1.51260621256442,1.94732847904936,0,1,2,"image",239,1502,6,35,19788,565,2,"True","False"
"bzbbvn","pcgaming",0,3,-18.7937407493591,0,5,143.608776807785,13,"Fri",98,0,"0","0","0","1","0","0",0,61,2.65628571428571,2.35159773808649,1,2,4,0,32,0.832857142857143,1.32395233819748,0,0,1,0,61,2.76542857142857,2.40821311038037,1,2,4,0,32,0.887428571428571,1.36418556125605,0,0,1,"other",3,1316,438,5,83,16,0,"False","False"
"bzbbwy","movies",0,4,-85.2527899742126,0,7,-21.4613659381866,13,"Fri",45,0,"0","0","0","0","0","1",0,82,5.03913171884229,3.82192274920457,3,4,7,0,20,0.674985233313644,1.16372347483352,0,0,1,0,88,8.20392793857058,5.39361026416505,5,7,11,0,23,1.21500295333727,1.76398585414557,0,1,2,"image",350,17198,49,250,1455711,5822,3,"True","False"
"bzbbx9","EatCheapAndHealthy",0,2,55.9226846694946,0,2,125.189574480057,13,"Fri",74,595,"1","0","0","0","0","0",0,17,2.71664675428116,2.28063854111437,1,2,4,0,19,0.847670250896057,1.30450995177771,0,0,1,0,17,2.72242134607726,2.28322490879741,1,2,4,0,19,0.85384309040223,1.31653501850889,0,0,1,"self",350,262357,749,250,280666,1122,3,"True","False"
"bzbbz8","gifs",0,13,-16.4321305751801,0,16,6.44796681404114,13,"Fri",18,0,"0","0","0","0","0","1",0,25,4.34268484530676,3.20584848512119,2,4,6,0,16,0.803880440482433,1.3074909559296,0,0,1,0,35,5.95293654955427,4.28073005757058,3,5,8,0,20,1.27595700052438,1.85037923298807,0,1,2,"image",350,17654,50,250,157878,631,2,"True","False"
"bzbc07","Jokes",1,1,-9.84488701820374,2,2,103.259396076202,13,"Fri",119,41,"1","0","0","0","0","0",0,17,3.14431849599115,2.28555086900468,1,3,5,0,18,1.16311860658004,1.50392454220657,0,1,2,0,18,4.24937793751728,2.98014356393291,2,4,6,0,25,1.83798728227813,2.10074351998669,0,1,3,"self",19,416,21,4,6321,1580,1,"True","False"
"bzbc28","funny",0,3,-70.8947758674622,1,3,20.6314618587494,13,"Fri",134,1292,"1","0","0","0","0","0",0,38,1.97147385103011,2.33554883608267,1,1,3,0,31,1.51294241944004,2.37264770688245,0,1,2,0,53,2.21288959323825,3.02781376255562,1,1,3,0,31,1.97464342313788,2.77873064890999,0,1,3,"self",350,55843,159,158,1798,11,2,"True","False"
"bzbc2p","movies",0,2,-110.736729383469,0,2,-46.4958124160767,13,"Fri",90,0,"0","0","0","0","0","1",0,82,5.03913171884229,3.82192274920457,3,4,7,0,20,0.674985233313644,1.16372347483352,0,0,1,0,88,8.20392793857058,5.39361026416505,5,7,11,0,23,1.21500295333727,1.76398585414557,0,1,2,"image",350,98305,280,250,1851881,7407,1,"False","False"
"bzbc4w","datascience",3,2,-32.0269582271576,6,6,-47.0778429508209,13,"Fri",24,30,"1","0","0","0","0","0",0,80,5.54694217168215,6.7632323689904,1,3,8,0,35,2.7634170018028,3.26699948450754,0,2,4,0,80,5.59755928442657,6.80401404169112,1,3,8,0,35,2.80016641242546,3.30575591411463,0,2,4,"self",15,12,0,5,4,0,1,"True","False"
"bzbc7f","movies",0,4,8.27255201339722,0,8,-37.3803141117096,13,"Fri",15,0,"0","1","0","0","0","0",0,82,5.03913171884229,3.82192274920457,3,4,7,0,20,0.674985233313644,1.16372347483352,0,0,1,0,88,8.20392793857058,5.39361026416505,5,7,11,0,23,1.21500295333727,1.76398585414557,0,1,2,"image",6,0,0,7,3789,541,0,"False","False"
"bzbc7q","cringe",1,6,-201.601252794266,1,6,109.970927000046,13,"Fri",18,0,"0","1","0","0","0","0",0,41,5.89469285415796,4.99470864900055,2,5,9,0,18,0.933695500766123,1.36643882601823,0,0,1,0,51,8.5960440172726,7.28214310479233,3,7,13,0,23,1.51260621256442,1.94732847904936,0,1,2,"image",6,13,2,5,61,12,0,"False","False"
"bzbc7t","horror",3,3,-24.4620177745819,5,4,-21.5628008842468,13,"Fri",63,0,"0","0","1","0","0","0",0,13,2.21172353455818,1.86843137910417,1,2,3,0,13,2.04636920384952,1.53435338445964,1,2,3,0,18,2.86964129483815,2.56740592109766,1,2,4,0,16,2.80664916885389,2.04808001719776,1,2,4,"video",264,1105,4,48,4320,90,2,"True","False"
"bzbc9q","AskReddit",0,7,-54.374062538147,0,9,-2.88021349906921,13,"Fri",13,0,"0","1","0","0","0","0",0,41,9.92935611840098,5.31527448185516,6,9,13,0,19,0.739395788831248,1.25047758356029,0,0,1,0,41,10.0448581019225,5.36096425052544,6,9,13,0,19,0.751144339334757,1.26130574175663,0,0,1,"image",4,1,0,2,1,0,0,"False","False"
"bzbcbj","OutOfTheLoop",0,2,-228.548477649689,0,0,40.375825881958,13,"Fri",70,0,"0","0","1","0","0","0",0,43,1.4090093681483,1.7122967857262,1,1,2,0,15,0.339246561690253,0.833245890787472,0,0,0,0,43,1.40940801275663,1.71324909935333,1,1,2,0,15,0.340442495515248,0.834193043499986,0,0,0,"other",79,38,0,108,3990,36,1,"True","False"
"bzbccw","EatCheapAndHealthy",0,2,-254.191430568695,0,2,60.2561733722687,13,"Fri",38,10,"1","0","0","0","0","0",0,17,2.71664675428116,2.28063854111437,1,2,4,0,19,0.847670250896057,1.30450995177771,0,0,1,0,17,2.72242134607726,2.28322490879741,1,2,4,0,19,0.85384309040223,1.31653501850889,0,0,1,"self",89,185,2,16,122,7,1,"True","False"
"bzbcfn","AskReddit",1,12,12.0882935523987,1,16,-27.8757824897766,13,"Fri",40,0,"0","1","0","0","0","0",0,41,9.92935611840098,5.31527448185516,6,9,13,0,19,0.739395788831248,1.25047758356029,0,0,1,0,41,10.0448581019225,5.36096425052544,6,9,13,0,19,0.751144339334757,1.26130574175663,0,0,1,"image",350,7174,20,122,4053,33,6,"True","False"
"bzbch6","Art",0,6,25.4145634174347,0,7,-41.3737809658051,13,"Fri",37,0,"0","1","0","0","0","0",0,76,6.03056768558952,4.08337891566722,3,5,8,0,8,0.486535662299854,0.88848595248901,0,0,1,0,76,6.06113537117904,4.08258972508352,3,5,8,0,8,0.488355167394469,0.890557873232154,0,0,1,"image",265,3794,14,45,12645,281,3,"True","True"
"bzbchz","AskReddit",1,5,4.28304839134216,1,5,-36.8782286643982,13,"Fri",59,0,"0","0","1","0","0","0",0,41,9.92935611840098,5.31527448185516,6,9,13,0,19,0.739395788831248,1.25047758356029,0,0,1,0,41,10.0448581019225,5.36096425052544,6,9,13,0,19,0.751144339334757,1.26130574175663,0,0,1,"image",130,518,3,26,1212,46,0,"False","False"
"bzbcl0","datascience",0,0,-60.3145229816437,1,0,20.4738931655884,13,"Fri",15,0,"1","0","0","0","0","0",0,80,5.54694217168215,6.7632323689904,1,3,8,0,35,2.7634170018028,3.26699948450754,0,2,4,0,80,5.59755928442657,6.80401404169112,1,3,8,0,35,2.80016641242546,3.30575591411463,0,2,4,"self",350,3525,10,86,1006,11,1,"True","False"
"bzbcpb","AskReddit",1,7,-30.5250051021576,1,12,-71.8911974430084,13,"Fri",18,0,"0","1","0","0","0","0",0,41,9.92935611840098,5.31527448185516,6,9,13,0,19,0.739395788831248,1.25047758356029,0,0,1,0,41,10.0448581019225,5.36096425052544,6,9,13,0,19,0.751144339334757,1.26130574175663,0,0,1,"image",350,4426,12,202,1322,6,2,"True","False"
"bzbcpq","datascience",2,0,-79.8963279724121,3,0,-0.669131278991699,13,"Fri",67,122,"1","0","0","0","0","0",0,80,5.54694217168215,6.7632323689904,1,3,8,0,35,2.7634170018028,3.26699948450754,0,2,4,0,80,5.59755928442657,6.80401404169112,1,3,8,0,35,2.80016641242546,3.30575591411463,0,2,4,"self",266,930,3,62,7444,120,3,"True","False"
"bzbcqu","pcgaming",0,3,-47.246652841568,0,3,4.72580075263977,13,"Fri",98,0,"0","0","0","1","0","0",0,61,2.65628571428571,2.35159773808649,1,2,4,0,32,0.832857142857143,1.32395233819748,0,0,1,0,61,2.76542857142857,2.40821311038037,1,2,4,0,32,0.887428571428571,1.36418556125605,0,0,1,"other",70,1052,15,4,65,16,1,"False","False"
"bzbcrj","Jokes",1,1,-203.683964490891,1,1,9.56462049484253,13,"Fri",91,9,"1","0","0","0","0","0",0,17,3.14431849599115,2.28555086900468,1,3,5,0,18,1.16311860658004,1.50392454220657,0,1,2,0,18,4.24937793751728,2.98014356393291,2,4,6,0,25,1.83798728227813,2.10074351998669,0,1,3,"self",26,33,1,1,698,698,1,"True","False"
"bzbcs8","Jokes",1,2,137.696382522583,1,3,4.55329537391663,13,"Fri",103,0,"1","0","0","0","0","0",0,17,3.14431849599115,2.28555086900468,1,3,5,0,18,1.16311860658004,1.50392454220657,0,1,2,0,18,4.24937793751728,2.98014356393291,2,4,6,0,25,1.83798728227813,2.10074351998669,0,1,3,"self",350,4251,12,202,5977,29,0,"False","False"
"bzbcu9","Jokes",0,2,-253.735944986343,0,2,-1.89528775215149,13,"Fri",71,0,"1","0","0","0","0","0",0,17,3.14431849599115,2.28555086900468,1,3,5,0,18,1.16311860658004,1.50392454220657,0,1,2,0,18,4.24937793751728,2.98014356393291,2,4,6,0,25,1.83798728227813,2.10074351998669,0,1,3,"self",350,20963,59,60,1025,17,1,"False","False"
"bzbcv2","cringe",0,7,-35.2628426551819,0,7,-8.06496787071228,13,"Fri",12,0,"0","1","0","0","0","0",0,41,5.89469285415796,4.99470864900055,2,5,9,0,18,0.933695500766123,1.36643882601823,0,0,1,0,51,8.5960440172726,7.28214310479233,3,7,13,0,23,1.51260621256442,1.94732847904936,0,1,2,"image",0,0,0,75,8,0,1,"True","False"
"bzbcwj","Jokes",0,0,-230.886956453323,0,0,-16.6691586971283,13,"Fri",46,0,"1","0","0","0","0","0",0,17,3.14431849599115,2.28555086900468,1,3,5,0,18,1.16311860658004,1.50392454220657,0,1,2,0,18,4.24937793751728,2.98014356393291,2,4,6,0,25,1.83798728227813,2.10074351998669,0,1,3,"self",350,5721,16,34,697,20,2,"True","False"
"bzbcxj","OutOfTheLoop",0,1,235.777428388596,0,1,-64.2225716114044,13,"Fri",19,0,"0","0","0","0","0","1",0,43,1.4090093681483,1.7122967857262,1,1,2,0,15,0.339246561690253,0.833245890787472,0,0,0,0,43,1.40940801275663,1.71324909935333,1,1,2,0,15,0.340442495515248,0.834193043499986,0,0,0,"other",54,24,0,234,2634,11,2,"True","False"
"bzbcyd","datascience",0,5,-80.5606126785278,0,3,-48.6598773002625,13,"Fri",133,0,"0","1","0","0","0","0",0,80,5.54694217168215,6.7632323689904,1,3,8,0,35,2.7634170018028,3.26699948450754,0,2,4,0,80,5.59755928442657,6.80401404169112,1,3,8,0,35,2.80016641242546,3.30575591411463,0,2,4,"self",110,845,7,10,2019,201,2,"True","False"
"bzbd17","pcgaming",0,2,244.68349814415,0,2,-55.3165018558502,13,"Fri",53,0,"0","0","0","0","0","1",0,61,2.65628571428571,2.35159773808649,1,2,4,0,32,0.832857142857143,1.32395233819748,0,0,1,0,61,2.76542857142857,2.40821311038037,1,2,4,0,32,0.887428571428571,1.36418556125605,0,0,1,"other",350,11125,31,6,652,108,1,"True","False"
"bzbd1y","AskReddit",0,12,95.6030957698822,0,13,-131.936029195786,13,"Fri",18,0,"0","1","0","0","0","0",0,41,9.92935611840098,5.31527448185516,6,9,13,0,19,0.739395788831248,1.25047758356029,0,0,1,0,41,10.0448581019225,5.36096425052544,6,9,13,0,19,0.751144339334757,1.26130574175663,0,0,1,"image",15,12,0,4,17,4,1,"False","False"
"bzbd73","gifs",0,2,174.735392570496,0,2,-50.5087652206421,13,"Fri",55,0,"0","0","0","0","0","1",0,25,4.34268484530676,3.20584848512119,2,4,6,0,16,0.803880440482433,1.3074909559296,0,0,1,0,35,5.95293654955427,4.28073005757058,3,5,8,0,20,1.27595700052438,1.85037923298807,0,1,2,"image",350,47788,136,250,74831,299,3,"True","True"
"bzbd9k","Jokes",1,7,41.054708480835,2,8,-75.8149213790894,13,"Fri",60,0,"1","0","0","0","0","0",0,17,3.14431849599115,2.28555086900468,1,3,5,0,18,1.16311860658004,1.50392454220657,0,1,2,0,18,4.24937793751728,2.98014356393291,2,4,6,0,25,1.83798728227813,2.10074351998669,0,1,3,"self",346,1120,3,209,2585,12,1,"True","False"
"bzbdd8","datascience",1,9,45.6372759342194,1,13,-112.871686935425,13,"Fri",31,0,"0","1","0","0","0","0",0,80,5.54694217168215,6.7632323689904,1,3,8,0,35,2.7634170018028,3.26699948450754,0,2,4,0,80,5.59755928442657,6.80401404169112,1,3,8,0,35,2.80016641242546,3.30575591411463,0,2,4,"self",147,751,5,32,2228,69,2,"True","False"
"bzbddk","AskReddit",0,12,42.6655144691467,0,13,-184.929274320602,13,"Fri",77,0,"0","1","0","0","0","0",0,41,9.92935611840098,5.31527448185516,6,9,13,0,19,0.739395788831248,1.25047758356029,0,0,1,0,41,10.0448581019225,5.36096425052544,6,9,13,0,19,0.751144339334757,1.26130574175663,0,0,1,"image",200,274,1,18,1474,81,1,"False","False"
"bzbddv","cringe",0,10,-46.7756490707397,0,13,-100.268026828766,13,"Fri",27,0,"0","1","0","0","0","0",0,41,5.89469285415796,4.99470864900055,2,5,9,0,18,0.933695500766123,1.36643882601823,0,0,1,0,51,8.5960440172726,7.28214310479233,3,7,13,0,23,1.51260621256442,1.94732847904936,0,1,2,"image",350,80116,228,250,297966,1191,5,"True","True"
"bzbdf3","datascience",0,11,36.4749209880829,0,14,-121.874332904816,13,"Fri",25,0,"0","1","0","0","0","0",0,80,5.54694217168215,6.7632323689904,1,3,8,0,35,2.7634170018028,3.26699948450754,0,2,4,0,80,5.59755928442657,6.80401404169112,1,3,8,0,35,2.80016641242546,3.30575591411463,0,2,4,"self",350,7449,21,250,28742,114,3,"False","False"
"bzbdgr","AskReddit",0,7,27.5794153213501,0,7,-201.859838247299,13,"Fri",7,0,"0","1","0","0","0","0",0,41,9.92935611840098,5.31527448185516,6,9,13,0,19,0.739395788831248,1.25047758356029,0,0,1,0,41,10.0448581019225,5.36096425052544,6,9,13,0,19,0.751144339334757,1.26130574175663,0,0,1,"image",2,1,0,4,104,26,1,"True","False"
"bzbdhv","Jokes",2,3,36.2413864135742,2,5,-116.024912595749,13,"Fri",58,0,"1","0","0","0","0","0",0,17,3.14431849599115,2.28555086900468,1,3,5,0,18,1.16311860658004,1.50392454220657,0,1,2,0,18,4.24937793751728,2.98014356393291,2,4,6,0,25,1.83798728227813,2.10074351998669,0,1,3,"self",350,3091,8,144,11911,82,2,"True","False"
"bzbdhy","datascience",0,14,19.4624633789062,0,20,-138.784956932068,13,"Fri",4,0,"0","1","0","0","0","0",0,80,5.54694217168215,6.7632323689904,1,3,8,0,35,2.7634170018028,3.26699948450754,0,2,4,0,80,5.59755928442657,6.80401404169112,1,3,8,0,35,2.80016641242546,3.30575591411463,0,2,4,"self",191,1793,9,14,9094,649,0,"False","False"
"bzbdjf","Jokes",0,5,-144.863708019257,0,6,-123.050020694733,13,"Fri",181,0,"1","0","0","0","0","0",0,17,3.14431849599115,2.28555086900468,1,3,5,0,18,1.16311860658004,1.50392454220657,0,1,2,0,18,4.24937793751728,2.98014356393291,2,4,6,0,25,1.83798728227813,2.10074351998669,0,1,3,"self",332,1229,3,228,18597,81,3,"True","True"
"bzbdk6","datascience",0,7,16.6367437839508,0,11,-142.020688533783,13,"Fri",28,0,"0","1","0","0","0","0",0,80,5.54694217168215,6.7632323689904,1,3,8,0,35,2.7634170018028,3.26699948450754,0,2,4,0,80,5.59755928442657,6.80401404169112,1,3,8,0,35,2.80016641242546,3.30575591411463,0,2,4,"self",66,220,3,89,3179,35,2,"True","False"
"bzbdlk","explainlikeimfive",0,1,189.556398153305,0,1,-110.443601846695,13,"Fri",35,976,"1","0","0","0","0","0",0,4,1.0099173553719,0.470909532564955,1,1,1,0,5,0.31404958677686,0.643781484811487,0,0,0,0,5,1.07438016528926,0.732017185502384,1,1,1,0,9,0.704132231404959,1.10988907433146,0,0,1,"self",98,1144,11,24,2692,112,2,"True","False"
"bzbdnp","aww",1,1,-4.09558057785034,1,1,-168.926201581955,13,"Fri",19,244,"1","0","0","0","0","0",0,6,1.35578947368421,0.848020254598697,1,1,2,0,4,1.27157894736842,0.911675690668947,1,1,2,0,7,1.60210526315789,1.22887027012416,1,1,2,0,6,1.44631578947368,1.03868329159345,1,1,2,"self",22,3,0,7,1,0,1,"False","False"
"bzbdol","datascience",0,2,-7.29648232460022,0,2,-166.055738687515,13,"Fri",29,0,"0","0","1","0","0","0",0,80,5.54694217168215,6.7632323689904,1,3,8,0,35,2.7634170018028,3.26699948450754,0,2,4,0,80,5.59755928442657,6.80401404169112,1,3,8,0,35,2.80016641242546,3.30575591411463,0,2,4,"self",350,1836,5,250,17950,71,1,"False","False"
"bzbdpp","AskReddit",0,3,-2.2268660068512,0,3,-228.781968832016,13,"Fri",21,0,"0","1","0","0","0","0",0,41,9.92935611840098,5.31527448185516,6,9,13,0,19,0.739395788831248,1.25047758356029,0,0,1,0,41,10.0448581019225,5.36096425052544,6,9,13,0,19,0.751144339334757,1.26130574175663,0,0,1,"image",82,101,1,31,101,3,1,"True","False"
